{
  "version": "7.10.0",
  "objects": [
    {
      "id": "security-overview-dashboard",
      "type": "dashboard",
      "attributes": {
        "title": "Security Overview Dashboard",
        "description": "Executive-level security monitoring dashboard",
        "panelsJSON": "[{\"version\":\"7.10.0\",\"panelIndex\":\"1\",\"gridData\":{\"x\":0,\"y\":0,\"w\":24,\"h\":15},\"panelRefName\":\"panel_1\"},{\"version\":\"7.10.0\",\"panelIndex\":\"2\",\"gridData\":{\"x\":24,\"y\":0,\"w\":24,\"h\":15},\"panelRefName\":\"panel_2\"},{\"version\":\"7.10.0\",\"panelIndex\":\"3\",\"gridData\":{\"x\":0,\"y\":15,\"w\":48,\"h\":15},\"panelRefName\":\"panel_3\"}]",
        "timeRestore": false,
        "kibanaSavedObjectMeta": {
          "searchSourceJSON": "{\"query\":{\"query\":\"\",\"language\":\"kuery\"},\"filter\":[]}"
        }
      },
      "references": [
        {
          "name": "panel_1",
          "type": "visualization",
          "id": "alert-level-distribution"
        },
        {
          "name": "panel_2",
          "type": "visualization",
          "id": "top-attack-sources"
        },
        {
          "name": "panel_3",
          "type": "visualization",
          "id": "security-events-timeline"
        }
      ]
    },
    {
      "id": "alert-level-distribution",
      "type": "visualization",
      "attributes": {
        "title": "Alert Level Distribution",
        "visState": "{\"title\":\"Alert Level Distribution\",\"type\":\"pie\",\"params\":{\"addTooltip\":true,\"addLegend\":true,\"legendPosition\":\"right\",\"isDonut\":true},\"aggs\":[{\"id\":\"1\",\"enabled\":true,\"type\":\"count\",\"schema\":\"metric\",\"params\":{}},{\"id\":\"2\",\"enabled\":true,\"type\":\"terms\",\"schema\":\"segment\",\"params\":{\"field\":\"rule.level\",\"size\":10,\"order\":\"desc\",\"orderBy\":\"1\"}}]}",
        "uiStateJSON": "{}",
        "kibanaSavedObjectMeta": {
          "searchSourceJSON": "{\"index\":\"wazuh-alerts-*\",\"query\":{\"match_all\":{}},\"filter\":[]}"
        }
      }
    },
    {
      "id": "top-attack-sources",
      "type": "visualization",
      "attributes": {
        "title": "Top Attack Sources",
        "visState": "{\"title\":\"Top Attack Sources\",\"type\":\"horizontal_bar\",\"params\":{\"grid\":{\"categoryLines\":false,\"style\":{\"color\":\"#eee\"}},\"categoryAxes\":[{\"id\":\"CategoryAxis-1\",\"type\":\"category\",\"position\":\"left\",\"show\":true,\"style\":{},\"scale\":{\"type\":\"linear\"},\"labels\":{\"show\":true,\"truncate\":100},\"title\":{}}],\"valueAxes\":[{\"id\":\"ValueAxis-1\",\"name\":\"LeftAxis-1\",\"type\":\"value\",\"position\":\"bottom\",\"show\":true,\"style\":{},\"scale\":{\"type\":\"linear\",\"mode\":\"normal\"},\"labels\":{\"show\":true,\"rotate\":0,\"filter\":false,\"truncate\":100},\"title\":{\"text\":\"Count\"}}],\"seriesParams\":[{\"show\":true,\"type\":\"histogram\",\"mode\":\"stacked\",\"data\":{\"label\":\"Count\",\"id\":\"1\"},\"valueAxis\":\"ValueAxis-1\",\"drawLinesBetweenPoints\":true,\"showCircles\":true}],\"addTooltip\":true,\"addLegend\":true,\"legendPosition\":\"right\",\"times\":[],\"addTimeMarker\":false},\"aggs\":[{\"id\":\"1\",\"enabled\":true,\"type\":\"count\",\"schema\":\"metric\",\"params\":{}},{\"id\":\"2\",\"enabled\":true,\"type\":\"terms\",\"schema\":\"segment\",\"params\":{\"field\":\"data.srcip\",\"size\":10,\"order\":\"desc\",\"orderBy\":\"1\"}}]}",
        "uiStateJSON": "{}",
        "kibanaSavedObjectMeta": {
          "searchSourceJSON": "{\"index\":\"wazuh-alerts-*\",\"query\":{\"bool\":{\"must\":[{\"range\":{\"rule.level\":{\"gte\":7}}}]}},\"filter\":[]}"
        }
      }
    },
    {
      "id": "security-events-timeline",
      "type": "visualization",
      "attributes": {
        "title": "Security Events Timeline",
        "visState": "{\"title\":\"Security Events Timeline\",\"type\":\"line\",\"params\":{\"grid\":{\"categoryLines\":false,\"style\":{\"color\":\"#eee\"}},\"categoryAxes\":[{\"id\":\"CategoryAxis-1\",\"type\":\"category\",\"position\":\"bottom\",\"show\":true,\"style\":{},\"scale\":{\"type\":\"linear\"},\"labels\":{\"show\":true,\"truncate\":100},\"title\":{}}],\"valueAxes\":[{\"id\":\"ValueAxis-1\",\"name\":\"LeftAxis-1\",\"type\":\"value\",\"position\":\"left\",\"show\":true,\"style\":{},\"scale\":{\"type\":\"linear\",\"mode\":\"normal\"},\"labels\":{\"show\":true,\"rotate\":0,\"filter\":false,\"truncate\":100},\"title\":{\"text\":\"Count\"}}],\"seriesParams\":[{\"show\":true,\"type\":\"line\",\"mode\":\"normal\",\"data\":{\"label\":\"High Priority\",\"id\":\"1\"},\"valueAxis\":\"ValueAxis-1\",\"drawLinesBetweenPoints\":true,\"showCircles\":true},{\"show\":true,\"type\":\"line\",\"mode\":\"normal\",\"data\":{\"label\":\"Medium Priority\",\"id\":\"2\"},\"valueAxis\":\"ValueAxis-1\",\"drawLinesBetweenPoints\":true,\"showCircles\":true}],\"addTooltip\":true,\"addLegend\":true,\"legendPosition\":\"right\",\"times\":[],\"addTimeMarker\":false},\"aggs\":[{\"id\":\"1\",\"enabled\":true,\"type\":\"count\",\"schema\":\"metric\",\"params\":{},\"label\":\"High Priority\"},{\"id\":\"2\",\"enabled\":true,\"type\":\"date_histogram\",\"schema\":\"segment\",\"params\":{\"field\":\"@timestamp\",\"interval\":\"auto\",\"customInterval\":\"2h\",\"min_doc_count\":1,\"extended_bounds\":{}}},{\"id\":\"3\",\"enabled\":true,\"type\":\"count\",\"schema\":\"metric\",\"params\":{},\"label\":\"Medium Priority\"},{\"id\":\"4\",\"enabled\":true,\"type\":\"filters\",\"schema\":\"group\",\"params\":{\"filters\":[{\"input\":{\"bool\":{\"must\":[{\"range\":{\"rule.level\":{\"gte\":10}}}]}},\"label\":\"High Priority\"},{\"input\":{\"bool\":{\"must\":[{\"range\":{\"rule.level\":{\"gte\":7,\"lt\":10}}}]}},\"label\":\"Medium Priority\"}]}}]}",
        "uiStateJSON": "{}",
        "kibanaSavedObjectMeta": {
          "searchSourceJSON": "{\"index\":\"wazuh-alerts-*\",\"query\":{\"match_all\":{}},\"filter\":[]}"
        }
      }
    },
    {
      "id": "incident-response-dashboard",
      "type": "dashboard",
      "attributes": {
        "title": "Incident Response Dashboard",
        "description": "SOC analyst dashboard for incident management",
        "panelsJSON": "[{\"version\":\"7.10.0\",\"panelIndex\":\"1\",\"gridData\":{\"x\":0,\"y\":0,\"w\":24,\"h\":15},\"panelRefName\":\"panel_1\"},{\"version\":\"7.10.0\",\"panelIndex\":\"2\",\"gridData\":{\"x\":24,\"y\":0,\"w\":24,\"h\":15},\"panelRefName\":\"panel_2\"},{\"version\":\"7.10.0\",\"panelIndex\":\"3\",\"gridData\":{\"x\":0,\"y\":15,\"w\":24,\"h\":15},\"panelRefName\":\"panel_3\"},{\"version\":\"7.10.0\",\"panelIndex\":\"4\",\"gridData\":{\"x\":24,\"y\":15,\"w\":24,\"h\":15},\"panelRefName\":\"panel_4\"}]",
        "timeRestore": false,
        "kibanaSavedObjectMeta": {
          "searchSourceJSON": "{\"query\":{\"query\":\"\",\"language\":\"kuery\"},\"filter\":[]}"
        }
      },
      "references": [
        {
          "name": "panel_1",
          "type": "visualization",
          "id": "active-incidents"
        },
        {
          "name": "panel_2",
          "type": "visualization",
          "id": "response-metrics"
        },
        {
          "name": "panel_3",
          "type": "visualization",
          "id": "threat-categories"
        },
        {
          "name": "panel_4",
          "type": "visualization",
          "id": "recent-alerts-table"
        }
      ]
    },
    {
      "id": "active-incidents",
      "type": "visualization",
      "attributes": {
        "title": "Active Incidents",
        "visState": "{\"title\":\"Active Incidents\",\"type\":\"metric\",\"params\":{\"addTooltip\":true,\"addLegend\":false,\"type\":\"metric\",\"metric\":{\"percentageMode\":false,\"useRanges\":false,\"colorSchema\":\"Green to Red\",\"metricColorMode\":\"None\",\"colorsRange\":[{\"from\":0,\"to\":50},{\"from\":50,\"to\":75},{\"from\":75,\"to\":100}],\"labels\":{\"show\":true},\"invertColors\":false,\"style\":{\"bgFill\":\"#000\",\"bgColor\":false,\"labelColor\":false,\"subText\":\"\",\"fontSize\":60}}},\"aggs\":[{\"id\":\"1\",\"enabled\":true,\"type\":\"count\",\"schema\":\"metric\",\"params\":{}}]}",
        "uiStateJSON": "{}",
        "kibanaSavedObjectMeta": {
          "searchSourceJSON": "{\"index\":\"wazuh-alerts-*\",\"query\":{\"bool\":{\"must\":[{\"range\":{\"rule.level\":{\"gte\":10}}},{\"range\":{\"@timestamp\":{\"gte\":\"now-1h\"}}}]}},\"filter\":[]}"
        }
      }
    },
    {
      "id": "compliance-dashboard",
      "type": "dashboard",
      "attributes": {
        "title": "Compliance Monitoring Dashboard",
        "description": "Regulatory compliance and audit dashboard",
        "panelsJSON": "[{\"version\":\"7.10.0\",\"panelIndex\":\"1\",\"gridData\":{\"x\":0,\"y\":0,\"w\":16,\"h\":15},\"panelRefName\":\"panel_1\"},{\"version\":\"7.10.0\",\"panelIndex\":\"2\",\"gridData\":{\"x\":16,\"y\":0,\"w\":16,\"h\":15},\"panelRefName\":\"panel_2\"},{\"version\":\"7.10.0\",\"panelIndex\":\"3\",\"gridData\":{\"x\":32,\"y\":0,\"w\":16,\"h\":15},\"panelRefName\":\"panel_3\"}]",
        "timeRestore": false,
        "kibanaSavedObjectMeta": {
          "searchSourceJSON": "{\"query\":{\"query\":\"\",\"language\":\"kuery\"},\"filter\":[]}"
        }
      },
      "references": [
        {
          "name": "panel_1",
          "type": "visualization",
          "id": "pci-dss-compliance"
        },
        {
          "name": "panel_2",
          "type": "visualization",
          "id": "hipaa-compliance"
        },
        {
          "name": "panel_3",
          "type": "visualization",
          "id": "gdpr-compliance"
        }
      ]
    }
  ]
}